{"target": 0.72637, "params": {"dim_hidden_lstm": 6.08511002351287, "lstm_learning_rate": -3.559351013115684, "value_error_coef": 8.578111300866498e-05}, "datetime": {"datetime": "2022-11-12 11:14:36", "elapsed": 0.0, "delta": 0.0}}
